Feature 1,Feature 2,Otolith type
-29.220907,-19.622356,Clupea harengus
-7.35314,-7.3340135,Clupea harengus
7.089854,-25.885704,Clupea harengus
-15.427699,35.511993,Sprattus sprattus
4.2592835,27.074705,Sprattus sprattus
-1.4812133,32.779488,Sprattus sprattus
-14.1575985,40.25331,Sprattus sprattus
1.0635377,32.09966,Sprattus sprattus
-5.624761,-35.874004,Clupea harengus
0.18105069,35.71375,Sprattus sprattus
-5.825533,-37.622337,Clupea harengus
-1.2628783,27.943325,Sprattus sprattus
-17.020334,39.931244,Sprattus sprattus
3.1770515,28.32898,Sprattus sprattus
-2.8346426,34.978756,Sprattus sprattus
-9.56252,-33.019424,Clupea harengus
21.26116,-5.019395,Ammodytes tobianus
5.5543747,-29.337856,Clupea harengus
1.0054442,-37.738808,Clupea harengus
-23.555462,-22.510683,Clupea harengus
24.090702,-5.669337,Ammodytes tobianus
6.7977653,-27.976625,Clupea harengus
24.041296,36.064167,Alosa fallax
48.59243,20.967087,Ammodytes marinus
51.2986,17.826494,Ammodytes marinus
-7.018376,-14.39547,Clupea harengus
-6.2035947,-20.149237,Clupea harengus
-27.999489,-13.811518,Clupea harengus
-5.755439,-11.527729,Clupea harengus
-1.5596099,31.112095,Sprattus sprattus
28.116629,-4.7559586,Ammodytes tobianus
29.752611,-11.207216,Ammodytes tobianus
-2.2544482,-25.467823,Clupea harengus
23.227175,8.066257,Ammodytes tobianus
-33.644814,-18.57189,Clupea harengus
51.22982,11.077792,Ammodytes marinus
-27.880636,-10.599697,Clupea harengus
13.0992775,-5.322007,Ammodytes tobianus
-3.2324839,-25.495787,Clupea harengus
-6.820358,-24.650139,Clupea harengus
31.845715,-0.1497824,Ammodytes tobianus
-20.25644,-21.12851,Clupea harengus
0.31317997,-35.724476,Clupea harengus
37.54707,-28.539652,Hyperoplus lanceolatus
30.832167,-11.098255,Ammodytes tobianus
-9.956605,32.461025,Sprattus sprattus
6.546714,28.11556,Sprattus sprattus
30.674557,-1.379517,Ammodytes tobianus
-28.166014,-8.316694,Clupea harengus
22.99522,-2.4151697,Ammodytes tobianus
44.7744,15.338491,Ammodytes marinus
-2.860141,-20.309345,Clupea harengus
-9.35486,-33.13607,Clupea harengus
29.052797,-1.9504128,Ammodytes tobianus
51.598274,12.923772,Ammodytes marinus
-17.766497,37.892715,Sprattus sprattus
13.773927,-5.710112,Ammodytes tobianus
-0.19358595,-29.305761,Clupea harengus
1.2019128,-38.39422,Clupea harengus
-20.537745,-16.957884,Clupea harengus
-26.798794,-11.078691,Clupea harengus
54.74108,11.806008,Ammodytes marinus
-16.349052,36.772243,Sprattus sprattus
18.495241,2.8331518,Ammodytes tobianus
-8.054524,-7.519093,Clupea harengus
-24.7225,-14.606057,Clupea harengus
-7.9637537,-35.918392,Clupea harengus
-19.605745,20.606493,Sprattus sprattus
24.177044,-2.5166767,Ammodytes tobianus
22.326542,37.16934,Alosa fallax
-1.0648046,-19.91275,Clupea harengus
-17.702824,40.45684,Sprattus sprattus
-14.922934,-22.103088,Clupea harengus
-6.743092,-36.12902,Clupea harengus
-9.334574,30.861242,Sprattus sprattus
-26.568409,-14.9166975,Clupea harengus
-30.341124,-11.118193,Clupea harengus
-18.200764,-15.073464,Clupea harengus
-9.414855,39.46335,Sprattus sprattus
-9.705215,31.102821,Sprattus sprattus
-5.7804832,13.890502,Sprattus sprattus
-8.785284,15.968153,Sprattus sprattus
-5.3644223,34.908077,Sprattus sprattus
19.218275,5.138858,Ammodytes tobianus
24.077553,36.66845,Alosa fallax
-9.267254,30.471777,Sprattus sprattus
9.467646,-29.601805,Clupea harengus
-5.343851,-37.291668,Clupea harengus
-4.768262,33.521038,Sprattus sprattus
8.242171,-25.138607,Clupea harengus
12.943941,-4.6361346,Ammodytes tobianus
-9.052987,-6.276434,Clupea harengus
-18.11125,27.848711,Sprattus sprattus
-7.7891912,-16.535433,Clupea harengus
29.530212,-14.176797,Ammodytes tobianus
-25.850851,-17.44341,Clupea harengus
-25.24771,-16.408829,Clupea harengus
-26.056044,-18.60162,Clupea harengus
-28.247015,-7.5723,Clupea harengus
-17.992758,19.281498,Sprattus sprattus
33.584064,-5.954431,Ammodytes tobianus
-27.05475,-9.533656,Clupea harengus
18.883554,1.105059,Ammodytes tobianus
-4.5419383,-19.006813,Clupea harengus
-29.583889,-5.8877835,Clupea harengus
17.889748,0.06853945,Ammodytes tobianus
-15.268251,40.574574,Sprattus sprattus
-30.15132,-12.496009,Clupea harengus
20.8133,-4.5297184,Ammodytes tobianus
-33.08344,-17.72377,Clupea harengus
3.2404583,-26.82708,Clupea harengus
-14.100991,-6.335159,Clupea harengus
-20.33874,-11.725788,Clupea harengus
-11.548378,-8.919428,Clupea harengus
-4.478552,34.208714,Sprattus sprattus
17.53992,2.2439563,Ammodytes tobianus
5.3192463,-27.067617,Clupea harengus
-11.24744,24.505863,Sprattus sprattus
-25.767513,-22.040293,Clupea harengus
-29.192171,-12.1294565,Clupea harengus
51.51738,11.050912,Ammodytes marinus
21.829967,-0.075151116,Ammodytes tobianus
24.198164,-7.2419906,Ammodytes tobianus
-29.83104,-17.206043,Clupea harengus
-1.9323349,-40.578777,Clupea harengus
-13.743631,34.56813,Sprattus sprattus
-8.776698,25.651613,Sprattus sprattus
-13.82771,-17.25491,Clupea harengus
-11.12907,16.330273,Sprattus sprattus
-9.66809,-5.7328525,Clupea harengus
-0.49862802,34.95433,Sprattus sprattus
0.19033852,-40.71631,Clupea harengus
-9.044924,-36.824265,Clupea harengus
-8.636908,-38.326527,Clupea harengus
-28.517725,-19.41399,Clupea harengus
28.466267,2.42892,Ammodytes tobianus
0.536619,31.828548,Sprattus sprattus
39.02588,-28.83605,Hyperoplus lanceolatus
-8.945503,31.511086,Sprattus sprattus
0.11975495,34.322594,Sprattus sprattus
28.70146,-4.0087233,Ammodytes tobianus
-4.802064,-25.350185,Clupea harengus
-5.289652,-33.690853,Clupea harengus
-9.579799,-6.525826,Clupea harengus
-5.0481534,-21.135353,Clupea harengus
16.003038,-1.1016586,Ammodytes tobianus
-16.107712,40.326485,Sprattus sprattus
30.187824,-12.612887,Ammodytes tobianus
-7.3763957,16.868797,Sprattus sprattus
39.23008,-25.926733,Hyperoplus lanceolatus
-3.3780768,28.981674,Sprattus sprattus
-15.033735,32.52234,Sprattus sprattus
6.2618175,-28.002247,Clupea harengus
20.502903,5.469218,Ammodytes tobianus
-8.164427,35.338345,Sprattus sprattus
-5.1095414,36.849495,Sprattus sprattus
-29.63889,-4.753449,Clupea harengus
29.026499,-3.6195936,Ammodytes tobianus
-18.310345,20.181555,Sprattus sprattus
24.283134,-7.0110846,Ammodytes tobianus
-28.686796,-21.832554,Clupea harengus
0.22816119,32.854046,Sprattus sprattus
-20.095064,-15.218482,Clupea harengus
36.884186,-27.493677,Hyperoplus lanceolatus
-1.8368355,-39.173965,Clupea harengus
-17.11562,41.622902,Sprattus sprattus
-18.532322,37.89025,Sprattus sprattus
-26.541597,-12.547091,Clupea harengus
23.814697,37.821625,Alosa fallax
4.1962843,-32.999447,Clupea harengus
51.630657,10.975774,Ammodytes marinus
6.6491795,-29.843094,Clupea harengus
12.678969,-5.3720818,Ammodytes tobianus
2.1925385,-26.606405,Clupea harengus
-10.742119,36.997528,Sprattus sprattus
-13.816001,-18.639631,Clupea harengus
-5.60209,19.548935,Sprattus sprattus
-25.10826,-23.668093,Clupea harengus
53.007572,16.542484,Ammodytes marinus
-20.382597,-23.110674,Clupea harengus
-23.767555,-10.626501,Clupea harengus
4.483777,-32.958588,Clupea harengus
-18.26415,32.884205,Sprattus sprattus
-5.006483,20.960514,Sprattus sprattus
-20.499153,-11.384424,Clupea harengus
-16.073215,17.861996,Sprattus sprattus
-8.121896,-8.795491,Clupea harengus
-18.9478,35.16268,Sprattus sprattus
16.983475,1.7189296,Ammodytes tobianus
6.3769207,-32.576534,Clupea harengus
2.8341887,-30.34987,Clupea harengus
-29.709518,-14.264207,Clupea harengus
-4.8321667,-14.520249,Sprattus sprattus
-13.509378,-16.796606,Clupea harengus
18.559471,7.6817923,Ammodytes tobianus
-24.469414,-12.702142,Clupea harengus
-12.000149,18.646902,Sprattus sprattus
-28.892426,-18.730371,Clupea harengus
-4.6442285,-38.191967,Clupea harengus
-0.42708853,-22.33049,Clupea harengus
44.37603,20.163513,Ammodytes marinus
-16.635492,-8.478405,Clupea harengus
-29.770014,-24.222101,Clupea harengus
-1.5524722,-34.512577,Clupea harengus
-11.902695,16.313646,Sprattus sprattus
49.00858,21.650696,Ammodytes marinus
-3.5141068,-27.108831,Clupea harengus
5.8582315,27.27689,Sprattus sprattus
16.350618,1.670059,Ammodytes tobianus
-3.020967,38.676678,Sprattus sprattus
-3.5511675,19.018751,Sprattus sprattus
52.960506,9.567345,Ammodytes marinus
-15.789643,20.300491,Sprattus sprattus
-21.835272,-19.362726,Clupea harengus
6.1754804,31.700687,Sprattus sprattus
-1.4859501,-35.835823,Clupea harengus
51.455204,17.92454,Ammodytes marinus
19.039686,-4.671094,Ammodytes tobianus
-33.275105,-22.369822,Clupea harengus
-24.909893,-8.950819,Clupea harengus
5.909997,26.208153,Sprattus sprattus
-20.973288,-22.1758,Clupea harengus
-10.0988035,32.23163,Sprattus sprattus
-4.1846404,-28.377165,Clupea harengus
31.904388,-0.074973755,Ammodytes tobianus
-2.7245927,-38.148235,Clupea harengus
-17.362343,22.770294,Sprattus sprattus
23.725594,1.5157685,Ammodytes tobianus
20.48597,-1.1066341,Ammodytes tobianus
-19.502155,-20.060595,Clupea harengus
-19.881939,-16.116272,Clupea harengus
12.570639,-4.7167773,Ammodytes tobianus
-2.39036,29.813438,Sprattus sprattus
24.24792,0.088969424,Ammodytes tobianus
-14.980807,-22.296875,Clupea harengus
19.70703,-0.030171897,Ammodytes tobianus
-27.798525,-10.300145,Clupea harengus
-8.713823,-17.656038,Clupea harengus
17.949015,6.319114,Ammodytes tobianus
-7.324549,-36.874866,Clupea harengus
-23.726334,-22.418072,Clupea harengus
23.295494,37.91449,Alosa fallax
46.371517,15.164737,Ammodytes marinus
-7.191821,-16.666182,Clupea harengus
-25.348873,-14.830255,Clupea harengus
-20.348894,-11.630604,Clupea harengus
-28.18083,-22.300379,Clupea harengus
-19.494165,33.113754,Sprattus sprattus
30.591557,-4.1657906,Ammodytes tobianus
-1.4954255,-38.010532,Clupea harengus
2.000785,-26.691359,Clupea harengus
22.295643,4.601065,Ammodytes tobianus
9.334444,-28.263903,Clupea harengus
-10.5242605,-37.57731,Clupea harengus
-5.8127737,-40.904594,Clupea harengus
22.268717,3.825178,Ammodytes tobianus
1.065677,-37.779602,Clupea harengus
29.933073,-1.0678347,Ammodytes tobianus
4.2860627,25.344816,Sprattus sprattus
18.781183,-2.29123,Ammodytes tobianus
-16.08498,18.550598,Sprattus sprattus
-3.952307,-27.222002,Clupea harengus
-7.979136,-15.847994,Clupea harengus
22.269985,-0.72662175,Ammodytes tobianus
50.768307,14.246375,Ammodytes marinus
21.984722,6.6664786,Ammodytes tobianus
-9.326736,22.044989,Sprattus sprattus
53.934406,13.080926,Ammodytes marinus
-29.72103,-21.596167,Clupea harengus
29.662663,-0.5789534,Ammodytes tobianus
2.187947,-29.196388,Clupea harengus
-9.570689,37.47569,Sprattus sprattus
7.359528,-30.626118,Clupea harengus
-25.566233,-14.148126,Clupea harengus
52.807224,11.1811075,Ammodytes marinus
46.409565,17.825,Ammodytes marinus
-11.770908,19.04675,Sprattus sprattus
-26.414915,-13.694342,Clupea harengus
2.7375078,31.131615,Sprattus sprattus
-6.7296104,35.66148,Sprattus sprattus
-14.663389,34.668167,Sprattus sprattus
4.1309,29.800365,Sprattus sprattus
-3.2749312,21.193876,Sprattus sprattus
-3.1152558,20.903698,Sprattus sprattus
-24.146059,-14.955001,Clupea harengus
-2.0784822,-33.683624,Clupea harengus
38.119892,-28.142527,Hyperoplus lanceolatus
5.2335753,28.63644,Sprattus sprattus
3.9636662,-32.40803,Clupea harengus
44.083946,17.982082,Ammodytes marinus
-29.556536,-18.783522,Clupea harengus
-7.9697137,-7.8473997,Clupea harengus
-27.156092,-12.330485,Clupea harengus
-34.13429,-17.047932,Clupea harengus
-16.107769,40.326485,Sprattus sprattus
1.2826083,28.301327,Sprattus sprattus
-18.482393,31.672815,Sprattus sprattus
4.033582,24.17789,Sprattus sprattus
-1.3318388,30.790874,Sprattus sprattus
30.82741,-13.672175,Ammodytes tobianus
-14.939748,17.675125,Sprattus sprattus
0.003872729,29.074564,Sprattus sprattus
17.72611,-1.5716282,Ammodytes tobianus
-1.1677536,30.786617,Sprattus sprattus
28.461493,2.232449,Ammodytes tobianus
20.33791,8.248534,Ammodytes tobianus
21.583921,7.4896746,Ammodytes tobianus
-31.759241,-7.0863986,Clupea harengus
-4.126629,-31.717466,Clupea harengus
5.385487,-32.493977,Clupea harengus
-17.34361,-16.338789,Clupea harengus
45.699684,19.649096,Ammodytes marinus
13.657089,-6.0088954,Ammodytes tobianus
-5.2212124,-14.214646,Clupea harengus
22.084122,-4.4243045,Ammodytes tobianus
4.9890804,-29.56519,Clupea harengus
-14.920623,39.37096,Sprattus sprattus
-10.210518,23.990273,Sprattus sprattus
-7.5481234,14.9781475,Sprattus sprattus
-17.780174,35.667053,Sprattus sprattus
-15.377933,18.231955,Sprattus sprattus
-6.6923437,-19.511194,Clupea harengus
4.1022005,-30.15974,Clupea harengus
-14.709785,34.62432,Sprattus sprattus
1.2863355,-37.044582,Clupea harengus
-12.0061035,22.384344,Sprattus sprattus
-18.118546,-13.697921,Clupea harengus
-13.98541,26.967869,Sprattus sprattus
-5.4065504,21.016935,Sprattus sprattus
-18.100166,27.785929,Sprattus sprattus
-2.460489,30.32553,Sprattus sprattus
-10.659852,16.6395,Sprattus sprattus
-2.3958428,22.429491,Sprattus sprattus
-30.726593,-7.5382442,Clupea harengus
-19.980984,40.134506,Sprattus sprattus
2.2136343,26.743973,Sprattus sprattus
23.22319,34.56373,Clupea harengus
-9.252594,25.526634,Sprattus sprattus
-9.513396,-4.4200826,Clupea harengus
-32.993958,-22.523102,Clupea harengus
21.026014,2.3794384,Ammodytes tobianus
-7.968188,17.880836,Sprattus sprattus
-24.850275,-15.353507,Clupea harengus
32.57977,-10.268969,Ammodytes tobianus
27.147491,-3.5084565,Ammodytes tobianus
28.743187,-10.802315,Ammodytes tobianus
-25.304665,-11.531543,Clupea harengus
37.81199,-24.817541,Hyperoplus lanceolatus
-13.714069,-16.039452,Clupea harengus
26.123945,0.12042847,Ammodytes tobianus
-3.661808,-22.03839,Clupea harengus
50.585503,20.078028,Ammodytes marinus
23.371607,37.121883,Alosa fallax
-7.7652674,-17.166788,Clupea harengus
-29.481462,-23.060349,Clupea harengus
54.672543,12.251195,Ammodytes marinus
4.2145705,29.221014,Sprattus sprattus
-25.691013,-21.507051,Clupea harengus
-9.158513,-21.473768,Clupea harengus
-11.930567,27.956171,Sprattus sprattus
20.056097,-2.8715954,Ammodytes tobianus
-1.1069703,-40.583767,Clupea harengus
-9.577899,-10.751223,Clupea harengus
-8.734843,24.032854,Sprattus sprattus
-18.112429,-13.336234,Clupea harengus
53.236713,12.0673485,Ammodytes marinus
-29.687017,-20.624804,Clupea harengus
4.3541594,-36.22159,Clupea harengus
-5.70835,-21.963186,Clupea harengus
-17.224234,-17.702765,Clupea harengus
-9.336608,22.145018,Sprattus sprattus
-2.7698336,-20.474426,Clupea harengus
37.258263,-24.361307,Hyperoplus lanceolatus
26.196978,-4.6645865,Ammodytes tobianus
-3.6807501,31.879734,Sprattus sprattus
49.99418,11.199137,Ammodytes marinus
-25.264904,-24.734957,Clupea harengus
5.4503655,-34.474255,Clupea harengus
-16.86402,37.369263,Sprattus sprattus
-11.003856,-4.9934864,Clupea harengus
-17.753555,16.774803,Sprattus sprattus
-28.657274,-24.29247,Clupea harengus
52.125233,18.18635,Ammodytes marinus
-3.531367,-38.322258,Clupea harengus
24.942482,-1.2956834,Ammodytes tobianus
38.092403,-28.146904,Hyperoplus lanceolatus
-14.503327,24.89009,Sprattus sprattus
52.262367,15.193396,Ammodytes marinus
-15.359225,-16.4136,Clupea harengus
-4.6045427,-39.07103,Clupea harengus
-16.280842,22.997877,Sprattus sprattus
-4.3492765,-37.365253,Clupea harengus
0.7059441,-32.34194,Clupea harengus
51.86907,13.726394,Ammodytes marinus
-18.379986,34.080345,Sprattus sprattus
-31.14836,-15.727379,Clupea harengus
19.586323,-0.93081033,Ammodytes tobianus
22.486507,2.2351708,Ammodytes tobianus
-29.523937,-4.081566,Clupea harengus
-26.810616,-10.808049,Clupea harengus
-9.426282,-37.762726,Clupea harengus
-2.374939,22.305607,Sprattus sprattus
-27.52356,-11.726611,Clupea harengus
24.863577,36.45087,Alosa fallax
23.431942,37.650185,Alosa fallax
-27.634504,-17.114449,Clupea harengus
-20.572151,-21.720333,Clupea harengus
-5.963328,-23.1321,Clupea harengus
7.849973,-27.505562,Clupea harengus
-26.840105,-14.466116,Clupea harengus
37.038628,-25.693302,Hyperoplus lanceolatus
31.09802,-0.860069,Ammodytes tobianus
20.030626,6.049339,Ammodytes tobianus
20.85631,0.9492474,Ammodytes tobianus
43.77231,15.989207,Ammodytes marinus
-2.175468,26.80127,Sprattus sprattus
-26.398022,-22.518406,Clupea harengus
-10.73939,35.191273,Sprattus sprattus
-1.1049004,15.570048,Sprattus sprattus
-17.554293,21.529305,Sprattus sprattus
-13.734259,-9.730125,Clupea harengus
-16.45579,39.30128,Sprattus sprattus
-4.8138604,-18.345003,Clupea harengus
-7.554785,-28.428837,Clupea harengus
-19.228455,34.115513,Sprattus sprattus
54.103752,13.156351,Ammodytes marinus
-4.5590186,-36.851532,Clupea harengus
-17.258705,17.845432,Sprattus sprattus
13.8495,-5.489425,Ammodytes tobianus
30.497087,-12.264685,Ammodytes tobianus
-9.25411,-4.7779183,Clupea harengus
-29.349016,-11.593527,Clupea harengus
-2.7534828,-32.293713,Clupea harengus
-16.471058,33.85114,Sprattus sprattus
37.248367,-24.52635,Hyperoplus lanceolatus
47.22127,20.62412,Ammodytes marinus
-5.435043,-19.318726,Clupea harengus
33.58423,-5.9541774,Ammodytes tobianus
-9.11426,16.04894,Sprattus sprattus
4.0160575,25.110487,Sprattus sprattus
23.155046,36.595894,Alosa fallax
-15.243939,42.870632,Sprattus sprattus
0.29745463,27.31545,Sprattus sprattus
-2.6172266,27.106977,Sprattus sprattus
-0.9594247,27.952873,Sprattus sprattus
-27.909115,-22.043264,Clupea harengus
-14.7587805,24.056051,Sprattus sprattus
-18.964907,-20.611546,Clupea harengus
-32.17845,-14.983632,Clupea harengus
45.496857,17.483696,Ammodytes marinus
-18.628052,-18.088797,Clupea harengus
2.1575077,31.619719,Sprattus sprattus
46.46573,19.469252,Ammodytes marinus
-9.0723295,35.62625,Sprattus sprattus
9.052584,-29.047628,Clupea harengus
2.3687797,-27.105785,Clupea harengus
21.324732,0.42891577,Ammodytes tobianus
-27.098734,-13.5681095,Clupea harengus
-3.025329,-35.744072,Clupea harengus
-12.006166,22.384476,Sprattus sprattus
33.58415,-5.951695,Ammodytes tobianus
19.289442,-3.7484903,Ammodytes tobianus
-10.688037,38.507786,Sprattus sprattus
-4.898269,-24.433907,Clupea harengus
17.847599,7.117622,Ammodytes tobianus
-1.6091462,-33.661694,Clupea harengus
23.723175,0.19044183,Ammodytes tobianus
31.992039,-11.262943,Ammodytes tobianus
-4.670557,19.861559,Sprattus sprattus
-13.560745,-5.2466626,Clupea harengus
-8.28231,36.815254,Sprattus sprattus
-8.3150015,-37.14838,Clupea harengus
-33.116776,-17.92199,Clupea harengus
50.656067,11.162002,Ammodytes marinus
-10.732965,-5.3307614,Clupea harengus
-3.1932058,39.26501,Sprattus sprattus
50.058064,10.167476,Ammodytes marinus
-31.545454,-20.72481,Clupea harengus
24.592175,34.232624,Alosa fallax
-18.852695,-17.91248,Clupea harengus
2.7388582,29.610937,Sprattus sprattus
-6.520342,33.648476,Sprattus sprattus
0.30988234,34.888832,Sprattus sprattus
-24.915047,-21.370682,Clupea harengus
-3.228704,22.823088,Sprattus sprattus
-16.66362,16.200031,Sprattus sprattus
9.555606,-26.728817,Clupea harengus
20.941578,3.1000133,Ammodytes tobianus
-13.939791,31.984665,Sprattus sprattus
36.73657,-27.713657,Hyperoplus lanceolatus
-16.919237,-17.80858,Clupea harengus
46.13431,17.211863,Ammodytes marinus
5.877598,-25.854866,Clupea harengus
30.191734,-11.37958,Ammodytes tobianus
-5.0448155,-14.756823,Clupea harengus
16.55089,6.1640763,Ammodytes tobianus
-9.014062,24.810003,Sprattus sprattus
-10.182496,35.40426,Sprattus sprattus
-2.7565374,-37.385597,Clupea harengus
-0.9113494,-36.60054,Clupea harengus
22.540483,35.378704,Alosa fallax
22.679733,36.229652,Alosa fallax
-29.964684,-8.834313,Clupea harengus
4.487777,-27.620443,Clupea harengus
-3.461585,-31.592848,Clupea harengus
43.925594,17.019903,Ammodytes marinus
-13.95041,17.16659,Sprattus sprattus
-13.559863,32.24894,Sprattus sprattus
-19.309689,21.741417,Sprattus sprattus
19.184086,4.985635,Ammodytes tobianus
-7.3597,-35.38102,Clupea harengus
-15.428688,-23.669256,Clupea harengus
-4.9472156,39.31747,Sprattus sprattus
2.7743506,-25.835514,Clupea harengus
-0.033280823,15.845183,Sprattus sprattus
-2.1636384,27.524235,Sprattus sprattus
31.420158,-3.2559147,Ammodytes tobianus
-17.3709,34.01286,Sprattus sprattus
44.625233,16.43282,Ammodytes marinus
38.795918,-26.118095,Hyperoplus lanceolatus
-3.9705818,27.809618,Sprattus sprattus
-30.672712,-3.9387262,Clupea harengus
-27.336674,-12.418034,Clupea harengus
4.865027,-33.125473,Clupea harengus
-26.584827,-16.346344,Clupea harengus
-16.124617,17.376112,Sprattus sprattus
25.03399,0.32964492,Ammodytes tobianus
7.5016265,27.41761,Sprattus sprattus
0.24861111,35.71825,Sprattus sprattus
-18.780931,-18.967312,Clupea harengus
5.70884,-28.09541,Clupea harengus
5.652187,-27.662933,Clupea harengus
-16.10607,37.755978,Sprattus sprattus
-4.1462374,-36.733532,Clupea harengus
24.56079,-6.7228975,Ammodytes tobianus
-12.843807,-8.599558,Clupea harengus
45.81143,17.94183,Ammodytes marinus
31.18211,-11.591988,Ammodytes tobianus
44.886044,16.182434,Ammodytes marinus
-6.986655,34.93155,Sprattus sprattus
19.225521,1.3022339,Ammodytes tobianus
-15.3551855,-23.108488,Clupea harengus
-9.072178,35.626274,Sprattus sprattus
-10.0069685,17.489162,Sprattus sprattus
37.437653,-29.000359,Hyperoplus lanceolatus
-26.495058,-9.881473,Clupea harengus
3.27207,31.316872,Sprattus sprattus
-4.42657,20.534643,Sprattus sprattus
-24.35817,-21.058165,Clupea harengus
25.442717,-3.428319,Ammodytes tobianus
-29.11239,-19.04933,Clupea harengus
-19.420626,20.755432,Sprattus sprattus
-18.210093,39.583527,Sprattus sprattus
-13.632436,20.128456,Sprattus sprattus
53.644077,12.641655,Ammodytes marinus
-4.318403,-33.94158,Clupea harengus
-14.507516,20.927395,Sprattus sprattus
-7.5357084,-38.39082,Clupea harengus
-29.81147,-19.784693,Clupea harengus
-7.0581527,-15.950801,Clupea harengus
5.4509926,-29.902332,Clupea harengus
-19.382532,21.972666,Sprattus sprattus
-19.694721,40.104553,Sprattus sprattus
45.85856,19.290565,Ammodytes marinus
-11.356204,-9.799868,Clupea harengus
-3.0490634,37.000652,Sprattus sprattus
24.877941,36.786697,Alosa fallax
-0.33344755,-38.150623,Clupea harengus
20.726746,-3.4817917,Ammodytes tobianus
-10.711039,17.585709,Sprattus sprattus
44.57217,19.94063,Ammodytes marinus
-32.808372,-18.109623,Clupea harengus
-31.46779,-7.07943,Clupea harengus
31.353338,-13.15198,Ammodytes tobianus
8.944865,-27.226173,Clupea harengus
-1.0180266,33.719944,Sprattus sprattus
-11.795863,19.114412,Sprattus sprattus
-5.85902,-41.01205,Clupea harengus
6.150827,-30.139864,Clupea harengus
-0.55947125,-20.88132,Clupea harengus
17.491182,6.967284,Ammodytes tobianus
49.547836,20.97637,Ammodytes marinus
-11.353814,30.927704,Sprattus sprattus
-17.679808,22.119598,Sprattus sprattus
-32.71373,-16.417324,Clupea harengus
5.922912,-33.263424,Clupea harengus
-1.7800987,-32.69453,Clupea harengus
-8.763569,27.368326,Sprattus sprattus
-10.169249,23.946907,Sprattus sprattus
-4.100695,-35.356514,Clupea harengus
-25.031328,-11.9048395,Clupea harengus
1.2275778,34.017197,Sprattus sprattus
20.587374,7.3876743,Ammodytes tobianus
4.727326,29.124718,Sprattus sprattus
-19.168215,-16.387486,Clupea harengus
-23.563261,-24.067007,Clupea harengus
46.102505,17.007133,Ammodytes marinus
-14.358375,40.006416,Sprattus sprattus
-31.477587,-5.9628305,Clupea harengus
16.814981,-2.1487613,Ammodytes tobianus
-7.4725475,-35.706852,Clupea harengus
-32.61059,-22.640451,Clupea harengus
-17.399658,20.002825,Sprattus sprattus
-14.735717,-5.918778,Clupea harengus
-7.8758364,33.847744,Sprattus sprattus
-1.9090698,-32.04407,Clupea harengus
0.2858569,34.09109,Sprattus sprattus
-17.753555,16.774803,Sprattus sprattus
51.974297,18.039602,Ammodytes marinus
-13.085452,-18.385874,Clupea harengus
49.398617,12.874924,Ammodytes marinus
-29.24661,-10.668501,Clupea harengus
-8.840662,22.230013,Sprattus sprattus
55.5986,12.815456,Ammodytes marinus
19.895216,5.080625,Ammodytes tobianus
-6.529928,20.443962,Sprattus sprattus
1.5459826,28.210012,Sprattus sprattus
-26.305641,-12.58825,Clupea harengus
-27.072235,-23.803638,Clupea harengus
-17.710184,-14.349779,Clupea harengus
-7.7282677,-16.1902,Clupea harengus
21.278454,7.5083394,Ammodytes tobianus
-27.394016,-15.261928,Clupea harengus
-7.8758364,33.847744,Sprattus sprattus
-25.477009,-8.972971,Clupea harengus
20.336327,0.18682876,Ammodytes tobianus
17.145157,7.9370484,Ammodytes tobianus
-6.983375,27.798838,Sprattus sprattus
24.74526,-6.3535256,Ammodytes tobianus
-9.445771,28.71744,Sprattus sprattus
23.061123,37.403534,Alosa fallax
-27.44611,-13.603853,Clupea harengus
47.640068,17.279552,Ammodytes marinus
38.98729,-26.420486,Hyperoplus lanceolatus
4.324945,-30.813246,Clupea harengus
32.837776,-12.210091,Ammodytes tobianus
-14.744793,21.34946,Sprattus sprattus
47.765335,19.174051,Ammodytes marinus
-4.7226973,-23.622084,Clupea harengus
22.663061,-5.4903517,Ammodytes tobianus
47.045166,19.593626,Ammodytes marinus
-7.194823,33.499447,Sprattus sprattus
22.044573,8.319305,Ammodytes tobianus
-11.140689,-6.1435966,Clupea harengus
-2.7614667,-24.326046,Clupea harengus
24.76612,35.287533,Alosa fallax
-8.359734,-23.016779,Clupea harengus
31.163738,-13.433105,Ammodytes tobianus
24.696693,-5.433856,Ammodytes tobianus
-28.96445,-5.0932336,Clupea harengus
4.738163,-35.288902,Clupea harengus
44.50648,18.58439,Ammodytes marinus
48.878487,21.241634,Ammodytes marinus
16.049362,4.681989,Ammodytes tobianus
-24.83751,-16.888527,Clupea harengus
24.222729,37.108562,Alosa fallax
32.62158,-12.906425,Ammodytes tobianus
-8.532706,-33.383316,Clupea harengus
-28.987988,-10.102855,Clupea harengus
26.17209,-5.0684566,Ammodytes tobianus
-23.314018,-12.662739,Clupea harengus
25.012148,-1.2461193,Ammodytes tobianus
-8.063929,-10.290209,Clupea harengus
-7.7742715,25.49184,Sprattus sprattus
5.8116674,31.986534,Sprattus sprattus
24.31819,-3.6723897,Ammodytes tobianus
-29.539482,-24.786667,Clupea harengus
-16.69624,19.84438,Sprattus sprattus
21.282238,-1.080266,Ammodytes tobianus
17.909866,2.6442454,Ammodytes tobianus
37.504887,-27.364267,Hyperoplus lanceolatus
-7.7511597,-8.320821,Clupea harengus
20.394701,4.57118,Ammodytes tobianus
30.596111,-0.47870046,Ammodytes tobianus
-10.321628,-37.20618,Clupea harengus
-3.8104095,19.136044,Sprattus sprattus
4.010224,30.03019,Sprattus sprattus
19.400724,3.0185153,Ammodytes tobianus
31.652176,-9.488736,Ammodytes tobianus
6.6670084,-27.696396,Clupea harengus
-28.802515,-13.353493,Clupea harengus
51.371387,11.850217,Ammodytes marinus
35.852665,-28.709267,Hyperoplus lanceolatus
-4.1094584,-18.091824,Clupea harengus
-9.060722,29.092093,Sprattus sprattus
-7.837456,36.292027,Sprattus sprattus
4.063417,-33.096264,Clupea harengus
-7.428979,32.440796,Sprattus sprattus
-10.420727,32.675182,Sprattus sprattus
18.506523,2.6108594,Ammodytes tobianus
-16.85031,-13.212328,Clupea harengus
-7.313552,-14.091924,Sprattus sprattus
22.358103,7.9671273,Ammodytes tobianus
-18.037292,22.85975,Sprattus sprattus
-14.2901535,-7.3466477,Clupea harengus
-11.35367,30.927435,Sprattus sprattus
-1.7632214,27.349619,Sprattus sprattus
-2.4218805,22.101768,Sprattus sprattus
-9.350772,-4.287227,Clupea harengus
19.304548,-2.619266,Ammodytes tobianus
-15.996566,24.226158,Sprattus sprattus
-29.290413,-19.722147,Clupea harengus
52.225323,13.446434,Ammodytes marinus
-29.011717,-18.199968,Clupea harengus
-30.731808,-7.533917,Clupea harengus
0.03373451,-38.382126,Clupea harengus
-30.655354,-21.898792,Clupea harengus
4.953624,-29.300795,Clupea harengus
31.995268,-12.435909,Ammodytes tobianus
46.426197,17.297636,Ammodytes marinus
39.101025,-28.787558,Hyperoplus lanceolatus
26.89942,-2.133438,Ammodytes tobianus
-17.425861,-13.9595,Clupea harengus
-28.957216,-13.66888,Clupea harengus
-5.7804837,13.890505,Sprattus sprattus
-6.2382016,-39.843414,Clupea harengus
-5.6457276,25.05431,Sprattus sprattus
-22.970852,-24.662027,Clupea harengus
-2.7134073,-27.625942,Clupea harengus
31.574093,-11.031875,Ammodytes tobianus
21.440939,-4.8780694,Ammodytes tobianus
50.11263,11.138117,Ammodytes marinus
25.687988,-5.6282735,Ammodytes tobianus
10.874259,-28.040533,Clupea harengus
47.142838,20.68134,Ammodytes marinus
-1.0599104,-31.532263,Clupea harengus
-3.7686086,17.82724,Sprattus sprattus
45.69935,13.865474,Ammodytes marinus
-14.95735,25.616358,Sprattus sprattus
5.406933,-29.431454,Clupea harengus
-30.242872,-6.4979024,Clupea harengus
22.043978,7.9810333,Ammodytes tobianus
-26.24909,-24.308168,Clupea harengus
-7.7229357,-9.303941,Clupea harengus
52.10779,10.924861,Ammodytes marinus
-15.142099,19.93255,Sprattus sprattus
0.5321391,-38.2464,Clupea harengus
19.549423,0.3583277,Ammodytes tobianus
46.779366,14.927463,Ammodytes marinus
8.381032,-26.678883,Clupea harengus
-29.644848,-20.252522,Clupea harengus
-12.439941,26.808422,Sprattus sprattus
-30.675898,-6.4422736,Clupea harengus
-13.275863,28.601631,Sprattus sprattus
-7.986515,-8.500665,Clupea harengus
28.373577,-4.2117124,Ammodytes tobianus
-24.164545,-14.730959,Clupea harengus
-6.7105618,-20.81391,Clupea harengus
-19.714895,-27.831444,Clupea harengus
-15.156816,20.752665,Sprattus sprattus
46.458122,13.784053,Ammodytes marinus
-10.263769,20.153448,Sprattus sprattus
18.550013,2.1941051,Ammodytes tobianus
6.809909,-25.537935,Clupea harengus
-32.358143,-22.813955,Clupea harengus
38.01211,-27.385855,Hyperoplus lanceolatus
52.013046,12.042829,Ammodytes marinus
3.827286,-32.658504,Clupea harengus
-16.471058,33.85114,Sprattus sprattus
-19.297209,-12.021156,Clupea harengus
-3.6116624,-38.86149,Clupea harengus
53.034157,13.238461,Ammodytes marinus
51.905598,12.21781,Ammodytes marinus
-17.679848,22.119574,Sprattus sprattus
-6.507697,36.21727,Sprattus sprattus
-21.949501,-24.375761,Clupea harengus
-18.199062,-20.647955,Clupea harengus
-12.528278,-16.168348,Clupea harengus
-31.104721,-20.301676,Clupea harengus
-10.164621,26.711943,Sprattus sprattus
-17.087381,22.763126,Sprattus sprattus
-0.2292908,31.33869,Sprattus sprattus
31.698278,-13.783527,Ammodytes tobianus
-7.940189,-37.84169,Clupea harengus
4.256463,31.837389,Sprattus sprattus
-4.2228355,19.307951,Sprattus sprattus
38.781914,-28.711763,Hyperoplus lanceolatus
-18.7587,-22.35801,Clupea harengus
-5.266952,-34.471462,Clupea harengus
-3.2900348,29.036587,Sprattus sprattus
-15.526463,16.527777,Sprattus sprattus
-12.344561,16.573256,Sprattus sprattus
-13.897793,16.474037,Sprattus sprattus
3.6771467,25.338327,Sprattus sprattus
-29.217497,-16.52485,Clupea harengus
19.02619,-2.7880936,Ammodytes tobianus
-7.183579,-38.149277,Clupea harengus
25.947145,-0.76827437,Ammodytes tobianus
-15.523035,25.297554,Sprattus sprattus
-16.344362,35.521957,Sprattus sprattus
21.257505,8.506042,Ammodytes tobianus
-15.299672,22.055922,Sprattus sprattus
-31.703657,-5.5597043,Clupea harengus
-8.424871,40.23479,Sprattus sprattus
16.348888,-1.2954687,Ammodytes tobianus
39.60653,-27.346323,Hyperoplus lanceolatus
-2.1879346,-40.20012,Clupea harengus
21.039743,-1.6141976,Ammodytes tobianus
-16.154583,16.043617,Sprattus sprattus
-33.446217,-17.861242,Clupea harengus
23.752342,1.1082829,Ammodytes tobianus
-12.991046,25.645977,Sprattus sprattus
-17.523573,35.132107,Sprattus sprattus
0.12809241,-35.152985,Clupea harengus
-27.815977,-9.65468,Clupea harengus
2.0607133,27.257072,Sprattus sprattus
53.23293,14.4579315,Ammodytes marinus
-19.559116,-19.949823,Clupea harengus
-19.456003,26.150162,Sprattus sprattus
18.36487,-2.5346076,Ammodytes tobianus
-29.089205,-20.042835,Clupea harengus
-29.262142,-11.434325,Clupea harengus
-3.6201954,-37.513527,Clupea harengus
-15.056051,17.94609,Sprattus sprattus
37.27057,-28.233662,Hyperoplus lanceolatus
-0.81671953,34.725418,Sprattus sprattus
9.1346655,-31.602715,Clupea harengus
39.40305,-28.14614,Hyperoplus lanceolatus
-19.22535,23.528427,Sprattus sprattus
6.727015,-27.742739,Clupea harengus
20.917757,-2.7284458,Ammodytes tobianus
19.438574,-1.719859,Ammodytes tobianus
18.46636,3.918591,Ammodytes tobianus
-12.411805,16.916523,Sprattus sprattus
24.834381,6.6401305,Ammodytes tobianus
-27.528698,-21.778978,Clupea harengus
-9.167281,25.318241,Sprattus sprattus
-17.16463,40.04904,Sprattus sprattus
53.331562,9.301948,Ammodytes marinus
18.90619,5.8186374,Ammodytes tobianus
52.09848,15.217391,Ammodytes marinus
-27.097286,-23.04143,Clupea harengus
-7.286766,-39.546803,Clupea harengus
53.29202,13.326485,Ammodytes marinus
46.761253,17.616634,Ammodytes marinus
-6.8413796,-24.920937,Clupea harengus
2.7323563,-29.528807,Clupea harengus
8.525212,-30.683353,Clupea harengus
-11.753661,18.938616,Sprattus sprattus
1.2621651,33.22791,Sprattus sprattus
17.727623,-0.53763735,Ammodytes tobianus
23.669138,36.943016,Alosa fallax
44.91286,17.140017,Ammodytes marinus
-6.5671234,-37.62013,Clupea harengus
-6.0735207,-20.289036,Clupea harengus
38.87148,-26.468775,Hyperoplus lanceolatus
-7.5481234,14.9781475,Sprattus sprattus
24.50321,35.95813,Alosa fallax
-5.0610003,-16.212166,Clupea harengus
-20.568953,-10.012136,Clupea harengus
53.45138,10.903458,Ammodytes marinus
2.663823,-26.07443,Clupea harengus
-18.344997,33.224907,Sprattus sprattus
5.39528,28.007303,Sprattus sprattus
39.56017,-26.607204,Hyperoplus lanceolatus
-9.570783,37.47585,Sprattus sprattus
-2.680218,-20.38768,Clupea harengus
-13.620503,-16.810055,Clupea harengus
-22.653252,-14.139862,Clupea harengus
-23.332283,-12.775291,Clupea harengus
18.135971,3.2861917,Ammodytes tobianus
-10.370612,-5.893312,Clupea harengus
-9.617239,21.53289,Sprattus sprattus
-2.7483094,-25.127426,Clupea harengus
0.63322145,30.280542,Sprattus sprattus
31.876465,-12.607035,Ammodytes tobianus
36.138477,-26.104216,Hyperoplus lanceolatus
46.229122,16.492237,Ammodytes marinus
20.396908,-1.6000395,Ammodytes tobianus
23.254387,2.9353232,Ammodytes tobianus
-4.6142764,-32.932045,Clupea harengus
0.23960991,29.726921,Sprattus sprattus
-29.619326,-6.011297,Clupea harengus
5.8636394,26.981102,Sprattus sprattus
32.726513,-12.283185,Ammodytes tobianus
44.23695,16.538002,Ammodytes marinus
-31.602707,-18.55773,Clupea harengus
23.768625,-4.1507344,Ammodytes tobianus
-3.1203399,-37.71146,Clupea harengus
-0.15910146,34.228653,Sprattus sprattus
-8.858347,29.601795,Sprattus sprattus
26.609985,-4.9686146,Ammodytes tobianus
19.530106,1.3702579,Ammodytes tobianus
1.8294668,27.623547,Sprattus sprattus
-16.06073,42.75391,Sprattus sprattus
-7.032337,23.725246,Sprattus sprattus
17.67026,4.0548725,Ammodytes tobianus
2.401363,31.171677,Sprattus sprattus
-0.31211427,-36.122883,Clupea harengus
-11.893233,17.617973,Sprattus sprattus
-6.363152,-19.837164,Clupea harengus
30.827478,-13.048367,Ammodytes tobianus
-13.223228,-9.513964,Clupea harengus
-27.599213,-23.376202,Clupea harengus
0.22850868,-28.800253,Clupea harengus
-28.802807,-19.669788,Clupea harengus
-15.649415,25.34596,Sprattus sprattus
-19.428934,23.487848,Sprattus sprattus
2.4088614,34.767784,Sprattus sprattus
-6.5318766,17.542768,Sprattus sprattus
46.485096,19.090496,Ammodytes marinus
19.876688,1.56006,Ammodytes tobianus
30.020338,-14.181543,Ammodytes tobianus
3.3463218,-29.737871,Clupea harengus
-23.259283,-14.917659,Clupea harengus
-15.013841,43.49308,Sprattus sprattus
-9.951765,33.815456,Sprattus sprattus
-5.2953844,-19.511253,Clupea harengus
21.36699,9.21607,Ammodytes tobianus
-1.9608893,-40.1789,Clupea harengus
-16.835785,39.276222,Sprattus sprattus
-11.43215,16.59903,Sprattus sprattus
44.209927,17.484962,Ammodytes marinus
-22.345718,-13.543288,Clupea harengus
-18.452608,21.433235,Sprattus sprattus
3.0870929,29.506544,Sprattus sprattus
-12.524114,41.795597,Sprattus sprattus
31.296658,-11.6997795,Ammodytes tobianus
3.0120463,29.811028,Sprattus sprattus
-7.050924,-21.488434,Clupea harengus
-20.452084,-26.022312,Clupea harengus
23.806915,4.43338,Ammodytes tobianus
45.134666,14.595694,Ammodytes marinus
-24.576975,-12.487409,Clupea harengus
-17.523655,35.13221,Sprattus sprattus
-9.726376,15.0565605,Clupea harengus
27.884956,-6.844851,Ammodytes tobianus
-13.929547,16.790476,Sprattus sprattus
-15.518727,20.95473,Sprattus sprattus
-11.695101,-19.567749,Clupea harengus
8.80872,-24.639091,Clupea harengus
-28.777294,-5.6125946,Clupea harengus
0.019036386,-22.829718,Clupea harengus
3.3363519,-31.550596,Clupea harengus
-27.030872,-23.305386,Clupea harengus
-9.964551,37.747375,Sprattus sprattus
-12.748361,41.67325,Sprattus sprattus
22.965872,-0.034935594,Ammodytes tobianus
-13.694584,28.657005,Sprattus sprattus
-30.622519,-4.9543824,Clupea harengus
-8.792574,-9.5867,Clupea harengus
39.308323,-27.603477,Hyperoplus lanceolatus
9.378103,-29.918726,Clupea harengus
18.049023,-4.181703,Ammodytes tobianus
-32.047432,-4.7477365,Clupea harengus
-28.111534,-21.210178,Clupea harengus
-23.283552,-24.64339,Clupea harengus
0.16684608,35.181232,Sprattus sprattus
-28.48,-9.821374,Clupea harengus
-9.645953,-16.24292,Clupea harengus
-16.86402,37.369263,Sprattus sprattus
-9.692501,38.5501,Sprattus sprattus
-5.355382,32.85684,Sprattus sprattus
26.294594,-5.7978992,Ammodytes tobianus
-7.8490214,43.657436,Sprattus sprattus
-1.1517956,-40.464893,Clupea harengus
23.614107,3.3937583,Ammodytes tobianus
-11.0607815,-9.625143,Clupea harengus
-11.611059,-19.101213,Clupea harengus
37.13543,-29.503408,Hyperoplus lanceolatus
-5.647214,36.538544,Sprattus sprattus
-25.768776,-13.023152,Clupea harengus
21.119932,-1.6007918,Ammodytes tobianus
-5.463451,-36.448322,Clupea harengus
-6.73353,33.45171,Sprattus sprattus
-0.026405144,15.840819,Clupea harengus
49.500267,20.307606,Ammodytes marinus
-18.736311,25.134933,Sprattus sprattus
19.283447,7.551211,Ammodytes tobianus
-14.189264,42.409668,Sprattus sprattus
5.0994234,30.226257,Sprattus sprattus
-13.679225,37.37066,Sprattus sprattus
4.682657,-30.832672,Clupea harengus
-17.756977,23.477095,Sprattus sprattus
23.440582,-3.1154077,Ammodytes tobianus
3.5479937,-28.775227,Clupea harengus
-10.911576,-37.581074,Clupea harengus
-24.381197,-22.983473,Clupea harengus
3.5330322,28.143883,Sprattus sprattus
52.697384,11.326925,Ammodytes marinus
-32.582672,-17.751726,Clupea harengus
-10.276037,-17.679886,Clupea harengus
-11.564001,39.571854,Sprattus sprattus
28.584204,-3.3528159,Ammodytes tobianus
-1.7932225,-37.92784,Clupea harengus
6.0196395,31.592592,Sprattus sprattus
-12.031491,28.169321,Sprattus sprattus
-0.68878937,-37.40487,Clupea harengus
-20.345844,-22.36261,Clupea harengus
-11.311235,-6.3296404,Clupea harengus
-0.12821805,-36.6664,Clupea harengus
-10.518911,-4.949073,Clupea harengus
54.39864,12.986244,Ammodytes marinus
-23.140923,-22.253534,Clupea harengus
-23.086042,-22.913239,Clupea harengus
0.89534223,-26.760616,Clupea harengus
-12.337873,-16.013432,Clupea harengus
24.36249,-3.6269643,Ammodytes tobianus
-11.594173,-32.070168,Clupea harengus
-9.7333765,-8.818149,Clupea harengus
5.309571,-31.665493,Clupea harengus
-5.3290596,36.045753,Sprattus sprattus
-18.210093,39.583527,Sprattus sprattus
19.118555,-4.414843,Ammodytes tobianus
-5.8173394,-10.4965725,Clupea harengus
24.993645,6.5294003,Ammodytes tobianus
-16.594398,22.366173,Sprattus sprattus
13.255388,-5.2612114,Ammodytes tobianus
18.462938,-2.0487518,Ammodytes tobianus
-14.489093,20.038536,Sprattus sprattus
50.07482,9.998943,Ammodytes marinus
-10.462523,-26.715145,Clupea harengus
0.6104903,31.690216,Sprattus sprattus
-15.299968,19.969128,Sprattus sprattus
-19.007702,24.836996,Sprattus sprattus
-20.88396,-18.979767,Clupea harengus
-20.823347,-11.011983,Clupea harengus
-17.029455,15.911908,Sprattus sprattus
20.60894,-2.4846358,Ammodytes tobianus
2.1770763,-25.29342,Clupea harengus
-17.887634,30.921764,Sprattus sprattus
-16.710526,39.2411,Sprattus sprattus
6.467214,-26.039038,Clupea harengus
-1.2948873,-39.195786,Clupea harengus
23.78754,36.87243,Alosa fallax
-27.48282,-12.528104,Clupea harengus
-17.298883,21.100811,Sprattus sprattus
16.296915,5.63534,Ammodytes tobianus
23.490711,35.99146,Alosa fallax
30.914694,-11.28894,Ammodytes tobianus
-5.829572,-11.440111,Clupea harengus
47.100834,16.622355,Ammodytes marinus
23.249693,-3.6215568,Ammodytes tobianus
13.344557,-5.2815247,Ammodytes tobianus
23.265636,36.068462,Alosa fallax
-9.0114565,14.979956,Sprattus sprattus
-28.756207,-14.7671995,Clupea harengus
-8.841225,-9.866099,Clupea harengus
-1.692144,-35.439636,Clupea harengus
52.589428,13.409541,Ammodytes marinus
21.694393,-3.4621625,Ammodytes tobianus
9.992043,-27.206701,Clupea harengus
-15.321098,43.260838,Sprattus sprattus
-10.1646,26.712008,Sprattus sprattus
-20.011826,-20.579277,Clupea harengus
-4.5620213,-36.932552,Clupea harengus
-9.106978,35.544006,Sprattus sprattus
-17.136879,32.440586,Sprattus sprattus
-11.606349,-30.866732,Clupea harengus
-8.057962,38.596806,Sprattus sprattus
-15.312875,16.96259,Sprattus sprattus
-11.258725,-4.733755,Clupea harengus
28.709558,-2.3241456,Ammodytes tobianus
-1.9107126,-34.629154,Clupea harengus
-3.6286447,35.048477,Sprattus sprattus
6.68262,-28.29342,Clupea harengus
-8.826525,-15.52561,Clupea harengus
17.397963,7.1696587,Ammodytes tobianus
24.44014,36.432762,Alosa fallax
50.578205,14.422213,Ammodytes marinus
20.635204,-3.7178352,Ammodytes tobianus
37.925007,-29.291178,Hyperoplus lanceolatus
-1.0432448,33.924046,Sprattus sprattus
-14.75932,24.05599,Sprattus sprattus
-5.535207,-33.333534,Clupea harengus
31.589817,-12.74557,Ammodytes tobianus
-0.014726983,-28.239826,Clupea harengus
-6.6379023,31.215408,Sprattus sprattus
-9.999679,-4.761501,Clupea harengus
4.6294336,-35.215424,Clupea harengus
29.539675,-14.3831,Ammodytes tobianus
-11.619016,-31.114716,Clupea harengus
-21.384937,-22.896112,Clupea harengus
44.98302,15.843579,Ammodytes marinus
-5.05792,-39.253876,Clupea harengus
19.680836,5.0471444,Ammodytes tobianus
-22.866932,-15.972021,Clupea harengus
45.40795,15.390703,Ammodytes marinus
26.626404,-0.25872806,Ammodytes tobianus
5.0933256,-31.667759,Clupea harengus
-14.097591,-18.649559,Clupea harengus
-15.186072,-21.556152,Clupea harengus
-22.920513,-22.428358,Clupea harengus
-28.216398,-20.525457,Clupea harengus
-7.4690943,-28.096457,Clupea harengus
-4.259087,-13.633474,Sprattus sprattus
-25.051365,-21.91989,Clupea harengus
-13.65858,31.865345,Sprattus sprattus
-11.785823,-4.5254188,Clupea harengus
-7.8490214,43.657436,Sprattus sprattus
30.549559,-11.739311,Ammodytes tobianus
-6.734556,28.20785,Sprattus sprattus
17.50186,4.863787,Ammodytes tobianus
-5.4339542,-18.6278,Clupea harengus
-17.15669,41.684155,Sprattus sprattus
-23.712883,-18.482376,Clupea harengus
-32.50237,-15.361634,Clupea harengus
-7.832954,-16.742208,Clupea harengus
-3.4704971,-27.340666,Clupea harengus
23.780918,35.042774,Alosa fallax
-7.691434,-24.787779,Clupea harengus
-1.9112191,-31.01484,Clupea harengus
-30.307625,-20.551332,Clupea harengus
27.513655,-0.90056413,Ammodytes tobianus
46.80715,18.314953,Ammodytes marinus
13.993324,-6.146783,Ammodytes tobianus
23.556679,35.79446,Alosa fallax
48.42717,14.604827,Ammodytes marinus
6.633381,-26.474556,Clupea harengus
-0.7820943,15.206445,Sprattus sprattus
4.719123,-35.377983,Clupea harengus
-17.86702,23.516388,Sprattus sprattus
-26.851086,-24.608416,Clupea harengus
-8.171659,24.84041,Sprattus sprattus
-26.354582,-22.795637,Clupea harengus
30.53003,-12.433985,Ammodytes tobianus
-23.740932,-16.30454,Clupea harengus
36.07676,-26.27872,Hyperoplus lanceolatus
-8.925507,32.643562,Sprattus sprattus
-28.727266,-22.130821,Clupea harengus
-25.22979,-9.127662,Clupea harengus
-19.177399,-17.537872,Clupea harengus
-24.169445,-9.420676,Clupea harengus
-31.489475,-10.07687,Clupea harengus
-5.100898,-20.169092,Clupea harengus
-27.409878,-20.36363,Clupea harengus
-6.672002,16.107937,Sprattus sprattus
-19.329704,34.84376,Sprattus sprattus
0.23422402,28.586086,Sprattus sprattus
45.89808,15.832815,Ammodytes marinus
0.7209973,25.599628,Sprattus sprattus
-15.057579,-5.8903284,Clupea harengus
50.51643,17.354755,Ammodytes marinus
30.185503,-2.840641,Ammodytes tobianus
52.67088,12.16693,Ammodytes marinus
46.033443,14.025795,Ammodytes marinus
23.723581,-3.7763517,Ammodytes tobianus
5.516053,28.03117,Sprattus sprattus
-16.452003,40.10645,Sprattus sprattus
16.131416,2.148756,Ammodytes tobianus
-4.806905,-23.941784,Clupea harengus
20.884495,7.615255,Ammodytes tobianus
-8.42829,-8.835741,Clupea harengus
-3.3292854,37.925117,Sprattus sprattus
19.913813,2.5682666,Ammodytes tobianus
-2.3707087,33.56861,Sprattus sprattus
-7.668691,-34.048393,Clupea harengus
24.98435,35.87959,Alosa fallax
51.52989,18.751741,Ammodytes marinus
5.9216356,31.609379,Sprattus sprattus
49.069393,20.63104,Ammodytes marinus
-30.666824,-5.4517665,Clupea harengus
-19.85454,-24.412014,Clupea harengus
25.651953,-5.0492873,Ammodytes tobianus
-30.078096,-23.120903,Clupea harengus
24.18412,38.120186,Alosa fallax
9.274562,-28.293335,Clupea harengus
-20.022463,-26.518177,Clupea harengus
-15.495715,23.595165,Sprattus sprattus
-25.52111,-13.688202,Clupea harengus
38.61287,-29.117592,Hyperoplus lanceolatus
21.919954,5.048305,Ammodytes tobianus
7.1704483,-30.821106,Clupea harengus
7.4912415,-26.082027,Clupea harengus
22.635988,4.948137,Ammodytes tobianus
-5.949777,-11.422843,Clupea harengus
-3.2575326,37.597496,Sprattus sprattus
4.377697,-31.040318,Clupea harengus
-33.437683,-14.898798,Clupea harengus
13.378681,-5.029356,Ammodytes tobianus
37.282837,-26.8785,Hyperoplus lanceolatus
31.700768,-11.247732,Ammodytes tobianus
45.322563,19.051832,Ammodytes marinus
22.570288,37.440228,Alosa fallax
-11.565465,-8.91292,Clupea harengus
30.625025,-4.3302946,Ammodytes tobianus
-8.535198,40.168793,Sprattus sprattus
-18.952717,-14.930088,Clupea harengus
-9.606228,40.07431,Sprattus sprattus
-4.8972964,-36.396152,Clupea harengus
-1.9311179,39.654396,Sprattus sprattus
3.7254474,-28.967194,Clupea harengus
-4.979211,39.34808,Sprattus sprattus
-15.020037,25.803965,Sprattus sprattus
43.246162,15.678568,Ammodytes marinus
24.25014,37.353287,Alosa fallax
-14.964922,42.476734,Sprattus sprattus
-0.78785634,-41.40579,Clupea harengus
53.00138,16.618238,Ammodytes marinus
-5.992532,-38.3396,Clupea harengus
-0.8768413,15.19016,Sprattus sprattus
-19.492876,31.532938,Sprattus sprattus
-20.992254,-20.982594,Clupea harengus
3.1261005,34.975006,Sprattus sprattus
27.249678,-4.103781,Ammodytes tobianus
-28.865929,-7.99881,Clupea harengus
-10.361248,35.560238,Sprattus sprattus
0.34343153,27.561584,Sprattus sprattus
-17.749884,35.879723,Sprattus sprattus
31.179045,-2.6666431,Ammodytes tobianus
-15.101063,34.75309,Sprattus sprattus
53.910244,11.519533,Ammodytes marinus
31.245539,-3.1853516,Ammodytes tobianus
-1.0979667,15.345313,Sprattus sprattus
-9.291965,-4.3874784,Clupea harengus
9.690157,-29.76976,Clupea harengus
-1.8385606,39.647903,Sprattus sprattus
12.799636,-5.1883807,Ammodytes tobianus
37.658978,-26.889675,Hyperoplus lanceolatus
2.5856287,-31.289373,Clupea harengus
-15.481369,38.43622,Sprattus sprattus
25.446157,-0.6896664,Ammodytes tobianus
-30.734741,-6.489931,Clupea harengus
-24.95818,-10.382005,Clupea harengus
-7.4783244,-20.272959,Clupea harengus
-0.9302893,15.234483,Sprattus sprattus
8.104831,-29.75575,Clupea harengus
37.94932,-27.242903,Hyperoplus lanceolatus
-13.548915,19.581827,Sprattus sprattus
-8.258996,-6.5720973,Clupea harengus
38.120323,-27.299398,Hyperoplus lanceolatus
-3.8897312,-31.074984,Clupea harengus
-18.947556,35.162697,Sprattus sprattus
-4.4713717,-12.828321,Sprattus sprattus
37.878407,-26.816473,Hyperoplus lanceolatus
-26.390692,-11.234266,Clupea harengus
-3.8231459,-34.982086,Clupea harengus
-13.998864,37.25819,Sprattus sprattus
-2.8085809,-27.816004,Clupea harengus
-5.5302362,38.01846,Sprattus sprattus
-1.7490023,-19.170908,Clupea harengus
2.982686,-30.022024,Clupea harengus
-4.470706,33.862335,Sprattus sprattus
-15.693592,25.837109,Sprattus sprattus
-9.960128,-5.3665676,Clupea harengus
-20.231316,-15.526802,Clupea harengus
6.694786,-29.282808,Clupea harengus
51.00513,10.496416,Ammodytes marinus
-7.3622513,-37.327114,Clupea harengus
-19.563715,-22.661356,Clupea harengus
-11.529536,24.019398,Sprattus sprattus
-8.69507,37.076637,Sprattus sprattus
-21.285751,-22.413244,Clupea harengus
-6.5662346,-15.965849,Clupea harengus
-0.7284674,-39.04542,Clupea harengus
-6.385897,-33.816833,Clupea harengus
-29.639421,-22.300556,Clupea harengus
-7.178505,37.6064,Sprattus sprattus
52.13248,10.087169,Ammodytes marinus
24.756033,37.294804,Alosa fallax
-12.835513,18.461231,Sprattus sprattus
38.14266,-24.957361,Hyperoplus lanceolatus
6.5268297,28.35568,Sprattus sprattus
22.926788,36.51469,Alosa fallax
51.313423,18.072508,Ammodytes marinus
-15.015867,25.924335,Sprattus sprattus
-29.490606,-17.463318,Clupea harengus
38.578278,-27.968493,Hyperoplus lanceolatus
-9.372064,-16.071222,Clupea harengus
54.344242,11.253513,Ammodytes marinus
30.225288,-11.9530945,Ammodytes tobianus
1.7992697,-27.95673,Clupea harengus
19.383068,7.493205,Ammodytes tobianus
-17.780174,35.667053,Sprattus sprattus
-7.8063855,17.47776,Sprattus sprattus
-1.1868242,-20.568182,Clupea harengus
-15.101112,34.753174,Sprattus sprattus
-15.46894,15.647633,Sprattus sprattus
-2.4703991,-34.851143,Clupea harengus
45.64348,16.231146,Ammodytes marinus
37.18053,-23.994112,Ammodytes tobianus
28.42212,-4.1163487,Ammodytes tobianus
45.08589,17.601679,Ammodytes marinus
-6.7486634,-10.754223,Clupea harengus
-9.964564,37.74735,Sprattus sprattus
-18.464632,-12.033255,Clupea harengus
-5.778382,24.818695,Sprattus sprattus
-2.8530626,34.89067,Sprattus sprattus
47.634766,21.120983,Ammodytes marinus
-2.8755171,15.769233,Sprattus sprattus
-3.1778045,-18.19979,Clupea harengus
37.827396,-28.150053,Hyperoplus lanceolatus
-26.144493,-20.933987,Clupea harengus
-16.563301,19.501226,Sprattus sprattus
-17.427654,19.072098,Sprattus sprattus
36.838097,-29.079754,Hyperoplus lanceolatus
-14.357356,32.284393,Sprattus sprattus
-13.826918,-5.6129985,Clupea harengus
-0.24435945,-35.734787,Clupea harengus
19.108356,4.1657157,Ammodytes tobianus
16.035236,2.6820996,Ammodytes tobianus
-7.5048304,36.81656,Sprattus sprattus
50.26705,11.530599,Ammodytes marinus
-9.967766,-17.222576,Clupea harengus
-0.27634618,26.833363,Sprattus sprattus
-3.3374584,-27.908285,Clupea harengus
-24.197449,-11.154446,Clupea harengus
-6.3295283,43.42517,Sprattus sprattus
-22.425232,-21.9088,Clupea harengus
-2.5728276,-25.155981,Clupea harengus
-5.0432754,-17.821688,Clupea harengus
-17.071835,33.02463,Sprattus sprattus
-5.647214,36.538544,Sprattus sprattus
46.858044,20.013786,Ammodytes marinus
22.291477,-3.0688376,Ammodytes tobianus
-19.626392,-20.774858,Clupea harengus
3.2210116,35.019028,Sprattus sprattus
6.9620066,-27.286022,Clupea harengus
53.06447,12.194816,Ammodytes marinus
-24.12715,-16.705942,Clupea harengus
-26.654963,-21.005592,Clupea harengus
47.520092,21.084087,Ammodytes marinus
39.51224,-26.7116,Hyperoplus lanceolatus
-16.15214,-17.80681,Clupea harengus
21.087345,1.3819427,Ammodytes tobianus
52.436943,12.851009,Ammodytes marinus
-6.571149,-23.080862,Clupea harengus
-15.492812,33.154964,Sprattus sprattus
-8.305175,22.757648,Sprattus sprattus
7.552495,27.314611,Sprattus sprattus
6.4770846,-33.781578,Clupea harengus
-22.824522,-19.027689,Clupea harengus
-5.0643926,-17.630096,Clupea harengus
27.767403,-0.8687262,Ammodytes tobianus
-34.036533,-17.276833,Clupea harengus
31.104424,-0.9638434,Ammodytes tobianus
18.856998,7.04374,Ammodytes tobianus
9.409869,-26.056637,Clupea harengus
-30.056967,-5.6274767,Clupea harengus
-1.1914814,-20.198095,Clupea harengus
24.594467,6.7859306,Ammodytes tobianus
-20.325964,-23.688776,Clupea harengus
-30.58293,-5.010719,Clupea harengus
-20.52528,-9.823644,Clupea harengus
-6.6380005,31.215473,Sprattus sprattus
-29.7992,-5.0112667,Clupea harengus
-6.9833384,27.798792,Sprattus sprattus
-5.570765,20.80241,Sprattus sprattus
-9.030345,-37.437126,Clupea harengus
54.766068,10.896657,Ammodytes marinus
53.966614,11.131257,Ammodytes marinus
22.681137,35.787132,Alosa fallax
28.335564,-0.08050286,Ammodytes tobianus
30.548922,-11.219395,Ammodytes tobianus
37.477993,-29.86825,Hyperoplus lanceolatus
-10.735425,15.298888,Sprattus sprattus
1.0488588,29.496738,Sprattus sprattus
-10.265522,34.253464,Sprattus sprattus
28.91189,-4.340478,Ammodytes tobianus
-2.2728627,-37.152973,Clupea harengus
-5.2136626,33.88752,Sprattus sprattus
38.79976,-27.42357,Hyperoplus lanceolatus
0.13319793,27.409756,Sprattus sprattus
-28.547953,-23.068743,Clupea harengus
18.782581,6.157124,Ammodytes tobianus
-15.887545,15.676472,Sprattus sprattus
-17.071808,33.02425,Sprattus sprattus
-7.5155873,-17.598513,Clupea harengus
-8.559167,21.619335,Sprattus sprattus
-7.1684155,35.541027,Sprattus sprattus
-31.608555,-4.127246,Clupea harengus
-15.78148,39.252453,Sprattus sprattus
29.759544,-1.2949302,Ammodytes tobianus
19.022562,-4.6634827,Ammodytes tobianus
49.042614,16.851797,Ammodytes marinus
-18.637484,-20.704632,Clupea harengus
-2.4773884,-25.228817,Clupea harengus
-21.82487,-17.679897,Clupea harengus
-1.8998098,-30.268953,Clupea harengus
22.113274,-2.598173,Ammodytes tobianus
21.290545,-0.33002222,Ammodytes tobianus
20.27733,-5.1940837,Ammodytes tobianus
-8.317705,-22.979742,Clupea harengus
13.1975155,-4.856256,Ammodytes tobianus
-16.110723,21.911139,Sprattus sprattus
-14.418682,27.099827,Sprattus sprattus
-25.76841,-16.75601,Clupea harengus
-29.192986,-21.15722,Clupea harengus
18.12001,2.498124,Ammodytes tobianus
0.34190717,-35.010624,Clupea harengus
19.18146,-1.3041713,Ammodytes tobianus
-31.14637,-6.0753565,Clupea harengus
-2.9290996,-18.612165,Clupea harengus
-0.8444509,34.331158,Sprattus sprattus
-6.8737836,-11.292717,Clupea harengus
5.0359516,27.669632,Sprattus sprattus
-15.691349,21.484743,Sprattus sprattus
-32.269985,-14.838707,Clupea harengus
-13.555098,-6.6320786,Clupea harengus
-17.370853,34.013,Sprattus sprattus
46.45334,16.85491,Ammodytes marinus
-6.157864,19.451283,Sprattus sprattus
-4.4846754,-25.593342,Clupea harengus
-4.8688602,-15.206006,Clupea harengus
50.724472,12.272783,Ammodytes marinus
-10.120825,23.519058,Sprattus sprattus
-8.089912,33.194756,Sprattus sprattus
-19.755617,40.10607,Sprattus sprattus
-0.02781659,28.688787,Sprattus sprattus
-7.1661835,-19.780436,Clupea harengus
0.33545035,27.78453,Sprattus sprattus
-28.491652,-6.28477,Clupea harengus
4.7303944,31.458714,Sprattus sprattus
22.131912,0.47471824,Ammodytes tobianus
-21.197401,-21.657799,Clupea harengus
-28.44583,-11.328373,Clupea harengus
-0.55590254,25.901155,Sprattus sprattus
-1.4693352,-37.687798,Clupea harengus
-0.9481723,31.991823,Sprattus sprattus
28.471483,2.2759235,Ammodytes tobianus
-5.816526,18.47401,Sprattus sprattus
-19.428028,36.206177,Sprattus sprattus
44.64223,14.128748,Ammodytes marinus
-2.8624244,28.443186,Sprattus sprattus
28.326902,-0.5745631,Ammodytes tobianus
-24.7396,-20.184126,Clupea harengus
3.692849,29.734728,Sprattus sprattus
-6.043616,18.259533,Sprattus sprattus
23.646797,36.407326,Alosa fallax
9.547116,-27.460026,Clupea harengus
-1.2986861,26.592836,Sprattus sprattus
8.347731,-30.088186,Clupea harengus
-10.168337,30.438927,Sprattus sprattus
32.82332,-11.39061,Ammodytes tobianus
-16.407537,31.687433,Sprattus sprattus
-4.710349,-28.428003,Clupea harengus
-1.1236359,14.9465885,Sprattus sprattus
-22.83913,-16.198267,Clupea harengus
-24.360802,-21.45381,Clupea harengus
-9.53132,-18.190594,Clupea harengus
44.25583,20.164516,Ammodytes marinus
-9.60112,-37.449608,Clupea harengus
-12.529422,26.672585,Sprattus sprattus
-23.179653,-20.291882,Clupea harengus
-12.987911,37.686733,Sprattus sprattus
